{
    "parent": "minecraft:recipes/root",
    "criteria": {
        "has_feather": {
            "trigger": "minecraft:inventory_changed",
            "conditions": {
                "items": [
                    {
                        "item": "minecraft:feather"
                    }
                ]
            }
        },
        "has_membrane": {
            "trigger": "minecraft:inventory_changed",
            "conditions": {
                "items": [
                    {
                        "item": "minecraft:phantom_membrane"
                    }
                ]
            }
        },
        "has_pearl": {
            "trigger": "minecraft:inventory_changed",
            "conditions": {
                "items": [
                    {
                        "item": "minecraft:ender_pearl"
                    }
                ]
            }
        }
    },
    "requirements": [
        [
            "has_feather",
            "has_membrane",
            "has_pearl"
        ]
    ],
    "rewards": {
        "recipes": [
            "craftable_loot:craftable_elytra"
        ]
    }
}
