{
  "parent": "minecraft:recipes/root",
  "rewards": {
    "recipes": [
      "craftable_loot:craftable_golden_horse_armor"
    ]
  },
  "criteria": {
    "has_ingot": {
      "trigger": "minecraft:inventory_changed",
      "conditions": {
        "items": [
          {
            "item": "minecraft:gold_ingot"
          }
        ]
      }
    },
    "has_saddle": {
      "trigger": "minecraft:inventory_changed",
      "conditions": {
        "items": [
          {
            "item": "minecraft:saddle"
          }
        ]
      }
    },
    "has_the_recipe": {
      "trigger": "minecraft:recipe_unlocked",
      "conditions": {
        "recipe": "craftable_loot:craftable_golden_horse_armor"
      }
    }
  },
  "requirements": [
    [
      "has_ingot",
      "has_saddle",
      "has_the_recipe"
    ]
  ]
}
