{
    "parent": "minecraft:recipes/root",
    "criteria": {
        "has_iron": {
            "trigger": "minecraft:inventory_changed",
            "conditions": {
                "items": [
                    {
                        "item": "minecraft:iron_nugget"
                    }
                ]
            }
        },
        "has_string": {
            "trigger": "minecraft:inventory_changed",
            "conditions": {
                "items": [
                    {
                        "item": "minecraft:string"
                    }
                ]
            }
        },
        "has_paper": {
            "trigger": "minecraft:inventory_changed",
            "conditions": {
                "items": [
                    {
                        "item": "minecraft:paper"
                    }
                ]
            }
        }
    },
    "requirements": [
        [
            "has_iron",
            "has_string",
            "has_paper"
        ]
    ],
    "rewards": {
        "recipes": [
            "craftable_loot:craftable_nametag"
        ]
    }
}
