{
    "parent": "minecraft:recipes/root",
    "rewards": {
        "recipes": [
            "plant_based_resources:rotten_flesh_leather_furnace",
            "plant_based_resources:rotten_flesh_leather_smoker"
        ]
    },
    "criteria": {
        "has_item": {
            "trigger": "minecraft:inventory_changed",
            "conditions": {
                "items": [{
                    "item": "minecraft:rotten_flesh"
                }]
            }
        }
    },
    "requirements": [
        [
            "has_item"
        ]
    ]
}