{
    "parent": "minecraft:recipes/root",
    "criteria": {
        "has_items": {
            "trigger": "minecraft:inventory_changed",
            "conditions": {
                "items": [
                    {
                        "item": "minecraft:nether_brick_slab"
                    }
                ]
            }
        },
        "has_the_recipe": {
            "trigger": "minecraft:recipe_unlocked",
            "conditions": {
                "recipe": "recraft_blocks:slabs/stone/nether/nether_bricks.json"
            }
        }
    },
    "requirements": [
        [
            "has_items",
            "has_the_recipe"
        ]
    ],
    "rewards": {
        "recipes": [
            "recraft_blocks:slabs/stone/nether/nether_bricks.json"
        ]
    }
}