{
    "parent": "minecraft:recipes/root",
    "criteria": {
        "has_block": {
            "trigger": "minecraft:inventory_changed",
            "conditions": {
                "items": [
                    {
                        "tag": "minecraft:wool"
                    }
                ]
            }
        }
    },
    "requirements": [
        [
            "has_block"
        ]
    ],
    "rewards": {
        "recipes": [
            "unpackable_blocks:unpackable_wool"
        ]
    }
}
