
{
    "type": "crafting_shapeless",
    "ingredients": [
        {
            "item": "minecraft:polished_blackstone_brick_stairs"
        },
        {
            "item": "minecraft:polished_blackstone_brick_stairs"
        },
        {
            "item": "minecraft:polished_blackstone_brick_stairs"
        },
        {
            "item": "minecraft:polished_blackstone_brick_stairs"
        }
    ],
    "result": {
        "item": "minecraft:polished_blackstone_bricks",
        "count": 4
    },
    "group": "recraft_blocks"
}
